AA_HGVS,AA_Legacy,aa1,AA_dist,psi,phi,bfactor,areaSAS,areaSES,kdHydrophobicity,ConsurfDB,degree,betweenness,closeness,burts,pr,auth,kcore,Calculated_Severity
26,7,Leu,1.622513718,150.8664285,-107.8677734,146.53,4.380023435,20.01584589,3.8,-793,8.0,0.01031256764,0.1157146572,0.2251455201,0.0008585610441,0.07425959448,4.0,Severe
28,9,Ala,1.52352752,18.2391832,168.2516506,139452,0.0,0.0,1.8,-1019,10.0,0.004676563747,0.1072289157,0.1799086184,0.00107654396,0.08167551484,4.0,Moderate
29,10,Val,1.568550634,116.5069838,-35.70360595,193867,10.60360047,41.5348115,4.2,-746,7.0,0.002007676283,0.1016136398,0.2391938898,0.0008369278305,0.04353965894,4.0,Severe
31,12,Leu,1.641493235,177.7550547,-104.6561747,154735,45.26413465,75.88043642,3.8,-134,7.0,0.002168592073,0.09758058621,0.2636171368,0.0008788349726,0.03480337875,4.0,Moderate
34,15,Asp,1.602137715,-66.12960451,-99.55930677,195175,27.50460705,44.51571083,-3.5,-925,4.0,0.001262870245,0.09825568558,0.3737599206,0.0005585636978,0.004827632039,4.0,Mild
48,29,Arg,1.492146551,-156.0433562,-111.2662588,205502,156.7414217,112.3922969,-4.5,614,5.0,0.003202010886,0.07627699691,0.4071333333,0.0009745131236,1.585230973e-05,2.0,Severe
64,45,Val,1.477666469,145.8648432,-146.051068,204864,44.74913383,58.30640078,4.2,1.05,7.0,0.009798392699,0.0965083496,0.2494904612,0.001002410991,0.009474143018,4.0,Mild
66,47,Lys,1.580242383,124.1186488,-114.4536073,176726,77.87693471,65.90349841,-3.9,316,8.0,0.006079295399,0.09825568558,0.2524850502,0.001059478703,0.02677948288,4.0,Mild
70,51,Phe,1.581421373,168.2305857,-47.79427529,148484,6.009185791,9.926427841,2.8,-677,12.0,0.01752693377,0.1179432812,0.1514683823,0.001181285694,0.154768027,4.0,Severe
77,58,Leu,1.641493235,170.826236,20.93430348,132194,86.51631162,76.68484116,3.8,-472,5.0,0.001177224683,0.09337623278,0.2,0.000807526618,0.006086640875,3.0,Severe
81,62,Ala,1.570719318,-122.441108,174.078776,205.61,78.96432197,63.69593644,1.8,228,3.0,0.001617850606,0.09341543629,0.4298469388,0.0004837795441,0.005761580148,3.0,Mild
81,62,Ala,1.383549828,-122.441108,174.078776,205.61,78.96432197,63.69593644,1.8,228,3.0,0.001617850606,0.09341543629,0.4298469388,0.0004837795441,0.005761580148,3.0,Mild
83,64,Pro,1.572864713,153.3957545,-97.99870597,203861,35.93515848,43.12324357,-1.6,452,5.0,0.001797506056,0.1014206488,0.2401,0.0006830673769,0.005118469931,4.0,Mild
84,65,Arg,1.594515878,169.9626422,-86.52514759,141803,137.7060671,105.2537947,-4.5,-423,5.0,0.002138940848,0.1014052412,0.2770444444,0.000680122765,0.004206767117,4.0,Moderate
88,69,Met,1.477666469,-87.82067482,176.0660762,182882,20.44277569,32.492477,1.9,-336,8.0,0.002967819774,0.1086691087,0.2242086227,0.0009504773849,0.01245487999,4.0,Severe
90,71,Leu,1.622513718,-75.26180861,-50.10912083,118899,0.9593064878,17.92421496,3.8,-889,9.0,0.01225287392,0.1103670635,0.1585383773,0.001028749838,0.03057771223,4.0,Severe
90,71,Leu,1.641493235,-75.26180861,-50.10912083,118899,0.9593064878,17.92421496,3.8,-889,9.0,0.01225287392,0.1103670635,0.1585383773,0.001028749838,0.03057771223,4.0,Severe
93,74,Pro,1.641493235,125.0341646,-38.65011233,132187,39.21335261,44.24004078,-1.6,-1.15,7.0,0.007484934112,0.1176107832,0.2273839651,0.0007611440734,0.06473631665,4.0,Severe
94,75,Thr,1.209571263,134.106161,-77.81706683,145716,33.85853532,52.33009386,-0.7,-791,6.0,0.009107512798,0.1154245201,0.2666948145,0.0007225708542,0.01845538242,4.0,Mild
94,75,Thr,1.485436692,134.106161,-77.81706683,145716,33.85853532,52.33009386,-0.7,-791,6.0,0.009107512798,0.1154245201,0.2666948145,0.0007225708542,0.01845538242,4.0,Mild
97,78,Ala,1.490333211,148.6958948,-158.8537139,168804,7.523464322,19.21063495,1.8,-698,6.0,0.005621926101,0.1164007324,0.2392672378,0.0007361338416,0.01127672485,4.0,Severe
101,82,Asp,1.550749629,99.55823145,-34.82952506,191.69,45.91245794,38.6206429,-3.5,-0.71,6.0,0.0009742489011,0.1068855084,0.2962805143,0.0007984941189,0.004319434187,4.0,Severe
101,82,Asp,1.610779661,99.55823145,-34.82952506,191.69,45.91245794,38.6206429,-3.5,-0.71,6.0,0.0009742489011,0.1068855084,0.2962805143,0.0007984941189,0.004319434187,4.0,Severe
107,88,Leu,1.446035116,134.0725754,-78.71343874,186256,0.0,0.0,3.8,-836,10.0,0.007504523295,0.1130876747,0.1764817256,0.001082927898,0.07535579536,4.0,Mild
109,90,Asn,1.509279496,59.38579788,-62.34705086,149.92,0.009594696341,2.945330799,-3.5,-1177,10.0,0.004262392536,0.1056839772,0.2046481859,0.001144383993,0.0549972758,4.0,Severe
112,93,Ser,1.581421373,-28.53915081,-89.96591866,148873,63.8760857,50.25160611,-0.8,-865,6.0,0.002890536385,0.1021110601,0.2441062374,0.0007076420437,0.04156964063,4.0,Mild
116,97,Ser,1.567576652,-139.3145646,-107.5335207,175868,0.0,0.0,-0.8,-1039,9.0,0.008015671854,0.1179745493,0.185208691,0.000925139355,0.1329289641,4.0,Severe
116,97,Ser,1.534772237,-139.3145646,-107.5335207,175868,0.0,0.0,-0.8,-1039,9.0,0.008015671854,0.1179745493,0.185208691,0.000925139355,0.1329289641,4.0,Severe
120,101,Val,1.441828421,87.78961047,44.12853376,142127,0.03187260404,5.421837807,4.2,-91,6.0,0.01644916465,0.1293855398,0.2692615904,0.0006377004554,0.1021249722,4.0,Mild
123,104,Ser,1.381248403,155.0362191,-84.55249744,149027,21.71591815,29.53426313,-0.8,-652,4.0,0.000174884586,0.1146119505,0.3280078125,0.0005097520566,0.02665079647,4.0,Moderate
126,107,Lys,1.48594445,-12.37353377,81.36739308,134431,20.96273398,37.06563902,-3.9,-1162,9.0,0.03476845321,0.1206179978,0.167991922,0.0009945762969,0.07939061873,4.0,Severe
129,110,Glu,1.580242383,79.75403786,-58.62372325,174124,0.0,0.0,-3.5,-1164,8.0,0.004163304415,0.1207489146,0.218473076,0.0008858280888,0.1058850254,4.0,Severe
129,110,Glu,1.476924526,79.75403786,-58.62372325,174124,0.0,0.0,-3.5,-1164,8.0,0.004163304415,0.1207489146,0.218473076,0.0008858280888,0.1058850254,4.0,Severe
129,110,Glu,1.566731778,79.75403786,-58.62372325,174124,0.0,0.0,-3.5,-1164,8.0,0.004163304415,0.1207489146,0.218473076,0.0008858280888,0.1058850254,4.0,Severe
136,117,Gln,1.445797056,98.92857483,-12.65516436,183928,68.44141053,74.04548705,-3.5,319,6.0,0.007054073586,0.1099579936,0.2330864198,0.0007647883628,0.01982783866,4.0,Severe
146,127,Lys,1.580242383,95.14313996,150.7429929,164947,68.77826363,77.0141716,-3.9,65,6.0,0.01326021565,0.1119684643,0.240424269,0.0006960052489,0.04817941542,4.0,Mild
147,128,Val,1.421447753,-172.7231124,-84.60049334,157597,3.53691256,13.58585024,4.2,-882,5.0,0.00423512763,0.1027792748,0.2699111111,0.0006339381531,0.0183471626,4.0,Severe
154,135,Thr,1.485436692,145.3342311,-82.45583348,127129,44.73603583,57.14686996,-0.7,-232,6.0,0.04793954659,0.1094800722,0.2812937505,0.0007182770968,0.02638346488,4.0,Mild
154,135,Thr,1.464536114,145.3342311,-82.45583348,127129,44.73603583,57.14686996,-0.7,-232,6.0,0.04793954659,0.1094800722,0.2812937505,0.0007182770968,0.02638346488,4.0,Mild
157,138,Trp,1.57121918,152.0330464,-166.9467444,177083,0.9901917577,6.353420258,-0.9,-1077,10.0,0.01311629243,0.121751026,0.1523748158,0.00111284544,0.07007987317,4.0,Severe
159,140,Val,1.441828421,113.1223175,-98.25930342,183604,5.653498173,9.282976151,4.2,-924,7.0,0.01046083914,0.114484178,0.1727524154,0.0008668412325,0.01281593223,4.0,Moderate
162,143,Glu,1.580242383,0.4712874504,-72.0975743,169192,53.76122689,75.19624281,-3.5,717,4.0,0.000894660425,0.1178495763,0.3077256944,0.0005341070495,0.01536252027,4.0,Mild
163,144,Asn,1.482804198,-10.0117549,-109.7216486,147648,3.021826506,12.16869593,-3.5,-223,5.0,0.0007113570929,0.1187405497,0.3329166667,0.0006415272581,0.01730355717,4.0,Moderate
166,147,Met,1.477666469,33.51830635,-125.1455146,165798,43.27422252,47.84579337,1.9,-496,6.0,0.001032803283,0.1136750681,0.2705833491,0.0007823678526,0.01264099301,4.0,Mild
166,147,Met,1.4218216,33.51830635,-125.1455146,165798,43.27422252,47.84579337,1.9,-496,6.0,0.001032803283,0.1136750681,0.2705833491,0.0007823678526,0.01264099301,4.0,Mild
169,150,Asp,1.509279496,144.3113043,-106.0181918,144136,8.753145535,24.10349441,-3.5,-1073,7.0,0.009981231312,0.1169104125,0.2566806815,0.0009097325588,0.01162029122,4.0,Mild
170,151,Pro,1.381248403,162.1871526,-49.00066768,149646,79.29758191,62.96742988,-1.6,-666,3.0,0.000277082348,0.1076092213,0.3934100389,0.0004574552322,0.002421512987,3.0,Mild
173,154,Leu,1.428748512,119.6371074,-96.71327151,159969,13.46989246,27.40824175,3.8,-974,6.0,0.008747497763,0.1223535881,0.2735232339,0.0007171972889,0.02213956316,4.0,Mild
173,154,Leu,1.446035116,119.6371074,-96.71327151,159969,13.46989246,27.40824175,3.8,-974,6.0,0.008747497763,0.1223535881,0.2735232339,0.0007171972889,0.02213956316,4.0,Mild
176,157,Ser,1.381248403,-161.6199263,-143.7794106,162.85,0.0,0.0,-0.8,-606,9.0,0.02937968602,0.128229757,0.2028084971,0.000929463808,0.0934269065,4.0,Mild
177,158,Tyr,1.558238146,-176.4221319,-157.3495448,150242,0.0,0.0,-1.3,-1138,11.0,0.0128744166,0.1238749188,0.1636875649,0.001102411079,0.1254777111,4.0,Severe
178,159,Leu,1.428748512,174.7831105,171.1265716,132672,0.0,0.0,3.8,-476,7.0,0.00444932249,0.1206943314,0.2129148148,0.0007087081671,0.1323820389,4.0,Severe
179,160,Ser,1.581421373,111.2356423,-88.04960289,160217,0.0,0.0,-0.8,-1182,9.0,0.009562974236,0.1183091102,0.2083136631,0.0008812822148,0.1889098144,4.0,Severe
179,160,Ser,1.381248403,111.2356423,-88.04960289,160217,0.0,0.0,-0.8,-1182,9.0,0.009562974236,0.1183091102,0.2083136631,0.0008812822148,0.1889098144,4.0,Severe
187,168,Leu,1.470182123,-60.61641556,-22.76354436,188475,0.0,0.0,3.8,973,9.0,0.01640539469,0.1232118136,0.1792031084,0.0008958020403,0.2153570652,4.0,Mild
188,169,Asn,1.540733678,0.05141297432,-46.72555638,122627,1.476283967,11.34809375,-3.5,-1137,8.0,0.007287224293,0.1148881239,0.1873049729,0.0008797363075,0.1545508138,4.0,Severe
188,169,Asn,1.482804198,0.05141297432,-46.72555638,122627,1.476283967,11.34809375,-3.5,-1137,8.0,0.007287224293,0.1148881239,0.1873049729,0.0008797363075,0.1545508138,4.0,Severe
189,170,Ser,1.470182123,-16.41125835,-119.7594694,175993,0.0,0.0,-0.8,-927,9.0,0.0136133711,0.1128582298,0.2036376886,0.0009354325736,0.1452027513,4.0,Moderate
192,173,Ile,1.531856375,150.9262947,174.1431277,151498,0.0,0.0,4.5,-781,8.0,0.007006675801,0.1197416809,0.2265571846,0.0008254239912,0.1039621791,4.0,Mild
193,174,Gly,1.628742335,-173.8545023,-147.7714781,118445,0.0,0.0,-0.4,-1143,4.0,0.0007119177998,0.1166754064,0.3840833963,0.0004686068889,0.04528391503,4.0,Severe
193,174,Gly,1.594515878,-173.8545023,-147.7714781,118445,0.0,0.0,-0.4,-1143,4.0,0.0007119177998,0.1166754064,0.3840833963,0.0004686068889,0.04528391503,4.0,Severe
194,175,Ala,1.485436692,133.3124058,-102.4459307,171658,0.0,0.0,1.8,-652,3.0,0.0002110179056,0.1110833749,0.4878472222,0.0004139056896,0.009090831939,3.0,Mild
195,176,Leu,1.641493235,122.597606,-127.0082986,143651,0.0,0.0,3.8,-779,6.0,0.009048909069,0.123394029,0.2382758916,0.0006695178843,0.04425939109,4.0,Severe
200,181,Glu,1.628742335,-143.6398821,5.766377841,166838,131.8625109,85.71104926,-3.5,372,5.0,0.001323731355,0.1056839772,0.2917510708,0.0006981376627,0.002215813317,4.0,Mild
214,195,Phe,1.421447753,144.9650343,-105.8378784,181157,6.881625143,32.32270122,2.8,-109,9.0,0.01821332995,0.1156545092,0.1877855891,0.00106590292,0.00753382552,4.0,Mild
216,197,Leu,1.560645702,159.9157634,-64.06946749,129966,0.0,0.0,3.8,-566,7.0,0.02390057359,0.1207161588,0.2086443374,0.0007750466623,0.0172089727,4.0,Moderate
218,199,Phe,1.581421373,118.5503436,-70.62309147,159487,0.0,0.0,2.8,-687,8.0,0.0153986332,0.1223648029,0.1878836938,0.0008429588718,0.03763094605,4.0,Severe
220,201,Val,1.568550634,67.09240106,-120.8296772,191294,0.5134534836,7.917848587,4.2,-1053,8.0,0.006497311252,0.1170744541,0.189809105,0.0008947291041,0.06163520543,4.0,Mild
220,201,Val,1.428748512,67.09240106,-120.8296772,191294,0.5134534836,7.917848587,4.2,-1053,8.0,0.006497311252,0.1170744541,0.189809105,0.0008947291041,0.06163520543,4.0,Mild
224,205,Gly,1.772250092,48.1214123,167.4660117,169.16,37.67539597,37.13776946,-0.4,-498,3.0,1.131124143e-05,0.1004061372,0.5180303603,0.0004429456077,0.01269502093,3.0,Moderate
226,207,Ser,1.530508095,-25.1241436,162.5839035,170163,20.12551343,24.55796266,-0.8,-1079,5.0,0.004707499839,0.1077568811,0.2518904321,0.0006007615346,0.07647863977,4.0,Severe
226,207,Ser,1.567576652,-25.1241436,162.5839035,170163,20.12551343,24.55796266,-0.8,-1079,5.0,0.004707499839,0.1077568811,0.2518904321,0.0006007615346,0.07647863977,4.0,Severe
243,224,Ser,1.530508095,-124.8738171,-49.18495552,198253,83.28913403,65.85803866,-0.8,471,4.0,0.002996254682,0.08865719219,0.3893229167,0.0008023818075,0.003674295085,3.0,Mild
245,226,Arg,1.725781094,149.7474949,-76.27349495,174217,49.6137384,73.60287929,-4.5,2914,6.0,0.004086276695,0.09721109736,0.3297110768,0.0009285697294,0.01462817269,3.0,Mild
250,231,Met,1.65198542,-179.4417445,-155.0126035,173424,40.48336078,43.58629718,1.9,0.74,6.0,0.004128767058,0.1107975766,0.2337426825,0.0007100126303,0.02802963718,4.0,Mild
251,232,His,1.550749629,120.4201979,-169.4074963,144921,4.385077685,15.56910276,-3.2,-988,11.0,0.01773651817,0.1162993292,0.1603997184,0.001174488411,0.05752628246,4.0,Mild
256,237,Tyr,1.540733678,-176.5828109,-125.7270148,161184,0.1468575932,10.66756213,-1.3,-531,11.0,0.009626740277,0.1068598415,0.1625385698,0.001242680451,0.01832118301,4.0,Mild
260,241,Ser,1.530508095,-158.9032053,-55.8700065,122.65,12.38067791,26.55624151,-0.8,-774,7.0,0.01042193005,0.1043457871,0.2420541219,0.0008526325822,0.009532635611,4.0,Severe
264,245,Leu,1.622513718,91.12243965,77.20684295,130405,0.1095414311,3.251218319,3.8,-722,6.0,0.005558174953,0.1091131998,0.2635704488,0.000771384445,0.002843722489,3.0,Severe
267,248,Cys,1.558238146,-173.2074882,-91.93237348,197123,18.52392769,25.69344044,2.5,-915,6.0,0.003611354764,0.1009070295,0.2369693248,0.0008284385429,0.0007349850424,3.0,Moderate
267,248,Cys,1.483524698,-173.2074882,-91.93237348,197123,18.52392769,25.69344044,2.5,-915,6.0,0.003611354764,0.1009070295,0.2369693248,0.0008284385429,0.0007349850424,3.0,Moderate
269,250,Arg,1.725781094,-27.39444521,-49.12628769,205129,180.9611874,123.4392703,-4.5,1011,2.0,4.084948139e-05,0.09468756649,0.5,0.0003660051749,0.0001394738547,2.0,Mild
273,254,Tyr,1.558238146,124.0760286,-127.6095717,163414,119.8373125,96.40015787,-1.3,477,4.0,6.261752878e-06,0.1076352495,0.4631519274,0.0005108295322,0.003029199496,4.0,Mild
278,259,Gly,1.594515878,169.9998599,-61.1795723,141645,0.0,0.0,-0.4,-697,6.0,0.00707736865,0.126193402,0.2776903292,0.0006355048616,0.107896337,4.0,Severe
279,260,Met,1.610646561,125.3674344,169.9780537,173979,0.0,0.0,1.9,-4,8.0,0.01668519346,0.1241052338,0.1919639166,0.0008434513859,0.1287705936,4.0,Severe
281,262,Thr,1.531856375,52.44208965,41.10572885,166406,15.27103364,27.3875308,-0.7,-696,7.0,0.002146500905,0.1194096601,0.2232024754,0.0007398376544,0.1960608859,4.0,Mild
281,262,Thr,1.486619632,52.44208965,41.10572885,166406,15.27103364,27.3875308,-0.7,-696,7.0,0.002146500905,0.1194096601,0.2232024754,0.0007398376544,0.1960608859,4.0,Mild
281,262,Thr,1.464536114,52.44208965,41.10572885,166406,15.27103364,27.3875308,-0.7,-696,7.0,0.002146500905,0.1194096601,0.2232024754,0.0007398376544,0.1960608859,4.0,Mild
284,265,Glu,1.580242383,116.2032319,-50.29506622,168.68,51.28644657,48.59351587,-3.5,-566,7.0,0.01958812817,0.1198599389,0.2269602257,0.0007773277862,0.1051562453,4.0,Moderate
288,269,Ile,1.531856375,121.4708804,-172.2324772,154675,0.0,0.0,4.5,-899,10.0,0.01531010601,0.1217954566,0.1920621914,0.001029046226,0.03961254177,4.0,Severe
290,271,Leu,1.641493235,103.7222867,-160.3919796,120875,5.980049859,10.23314428,3.8,-283,8.0,0.01686434411,0.1137816415,0.221091756,0.0009249481438,0.00801911014,4.0,Severe
292,273,Gly,1.568550634,-11.347548,163.5331438,74.6475,30.3555342,26.14699113,-0.4,35,3.0,0.0,0.1028505393,0.5120084191,0.0004155578504,0.002171162553,3.0,Severe
295,276,Phe,1.394134159,152.1031154,-101.4289043,138536,0.5950755347,14.27164745,2.8,-865,10.0,0.02690122987,0.1207270754,0.1599705243,0.001084800286,0.0117816691,4.0,Severe
295,276,Phe,1.446035116,152.1031154,-101.4289043,138536,0.5950755347,14.27164745,2.8,-865,10.0,0.02690122987,0.1207270754,0.1599705243,0.001084800286,0.0117816691,4.0,Severe
299,280,Asn,1.502823144,39.7372806,-160.5584921,138019,57.43966347,49.21202898,-3.5,524,6.0,0.001407027793,0.1132315522,0.3730553981,0.0007446278344,0.003218631803,4.0,Mild
303,284,Ala,1.512595782,86.9203237,32.91313804,134.85,18.55717278,31.13529968,1.8,-69,6.0,0.002157887741,0.1151755673,0.2615784614,0.0007080635288,0.007506364371,4.0,Mild
303,284,Ala,1.490333211,86.9203237,32.91313804,134.85,18.55717278,31.13529968,1.8,-69,6.0,0.002157887741,0.1151755673,0.2615784614,0.0007080635288,0.007506364371,4.0,Mild
304,285,Ser,1.381248403,-18.44657569,169.3540968,175248,0.3238276839,6.826372623,-0.8,-475,8.0,0.005732896181,0.1217288228,0.2376138117,0.0008737227849,0.01755539959,4.0,Mild
305,286,Leu,1.470182123,53.30590275,42.35967887,149.79,4.361385942,19.46728587,3.8,204,5.0,0.005177840633,0.1198491786,0.2843861111,0.0005682273455,0.02273268491,4.0,Severe
318,299,Leu,1.641493235,102.2350133,-65.35399988,190609,57.16472605,73.88904095,3.8,1131,5.0,0.006880605854,0.1105223942,0.2465375461,0.0006466619412,0.002222813263,4.0,Mild
321,302,Asp,1.602137715,-154.5137102,76.5406323,174232,73.01644541,59.96926475,-3.5,995,4.0,0.002309057204,0.1019006183,0.3000694444,0.0005929760623,0.0009472339072,3.0,Mild
323,304,Gly,1.594515878,-135.2111846,119.2805688,145.95,29.49026912,25.81198144,-0.4,-0.96,5.0,0.0003596860453,0.1005271084,0.3396207118,0.0006761188822,0.001498385358,3.0,Severe
323,304,Gly,1.628742335,-135.2111846,119.2805688,145.95,29.49026912,25.81198144,-0.4,-0.96,5.0,0.0003596860453,0.1005271084,0.3396207118,0.0006761188822,0.001498385358,3.0,Severe
324,305,Gln,1.445797056,137.4409798,-144.1848089,182042,96.56559861,77.62880468,-3.5,703,5.0,0.0001316946852,0.101075106,0.3580024962,0.0006420396415,0.002419781666,3.0,Mild
325,306,Phe,1.581421373,137.3450619,-123.1094526,142918,22.61649011,43.28190929,2.8,-344,11.0,0.02009403991,0.1099217785,0.1758291857,0.001305117831,0.006088377079,4.0,Moderate
328,309,Phe,1.446035116,165.2460812,-155.5729869,136822,20.26358862,43.861341,2.8,-789,8.0,0.01230891594,0.1156946009,0.2256014656,0.0008499933405,0.02556027471,4.0,Mild
331,312,Ile,1.567576652,-92.63525047,-157.9128549,127429,55.55776477,65.65039515,4.5,-702,7.0,0.001787802392,0.1113335001,0.2735813492,0.0007913838389,0.02627714089,4.0,Mild
331,312,Ile,1.531856375,-92.63525047,-157.9128549,127429,55.55776477,65.65039515,4.5,-702,7.0,0.001787802392,0.1113335001,0.2735813492,0.0007913838389,0.02627714089,4.0,Mild
331,312,Ile,1.394134159,-92.63525047,-157.9128549,127429,55.55776477,65.65039515,4.5,-702,7.0,0.001787802392,0.1113335001,0.2735813492,0.0007913838389,0.02627714089,4.0,Mild
338,319,Gly,1.568550634,-145.9103331,95.96720617,170205,0.3347062655,3.763622999,-0.4,-955,8.0,0.002360008958,0.1103305785,0.2137460138,0.0008991991136,0.02766956317,4.0,Mild
340,321,Glu,1.476924526,134.6745612,-85.01504567,157713,15.91210401,24.69297576,-3.5,-54,7.0,0.005667043506,0.1100758575,0.2161238951,0.0007885279789,0.01802398949,4.0,Mild
340,321,Glu,1.580242383,134.6745612,-85.01504567,157713,15.91210401,24.69297576,-3.5,-54,7.0,0.005667043506,0.1100758575,0.2161238951,0.0007885279789,0.01802398949,4.0,Mild
342,323,Tyr,1.558238146,151.0875837,-69.00641446,125166,57.90910877,74.86684918,-1.3,1813,7.0,0.004204496097,0.1068683958,0.2276555457,0.0008354876552,0.00527900963,4.0,Moderate
380,361,Asp,1.610779661,156.1568537,172.1112498,201.82,127.8784481,83.1793766,-3.5,-0.3,2.0,0.001498127341,0.06901364764,0.5,0.0006836384537,1.428201538e-07,1.0,Severe
390,371,Ile,1.531856375,46.51299675,-95.88753329,204.97,124.4236885,87.88426232,4.5,966,4.0,0.0008437872205,0.06358656823,0.4314236111,0.000926582724,5.64476942e-09,2.0,Mild
396,377,Lys,1.610646561,-135.0349472,-69.8014109,175.31,153.790534,113.6112247,-3.9,1282,3.0,0.008831790717,0.08318275282,0.3333333333,0.0007449055556,8.884672719e-06,2.0,Moderate
399,380,Lys,1.580242383,151.050413,-162.1474005,171314,115.8813758,95.88643122,-3.9,1117,4.0,0.0004739446709,0.08515659884,0.4240451389,0.0006121074325,0.0001817234045,3.0,Mild
401,382,Trp,1.725781094,150.9453108,-86.14884246,143336,75.30304509,73.31470847,-0.9,-149,8.0,0.002634364889,0.09155122754,0.2488525575,0.0009761535317,0.0006360333073,4.0,Mild
401,382,Trp,1.772250092,150.9453108,-86.14884246,143336,75.30304509,73.31470847,-0.9,-149,8.0,0.002634364889,0.09155122754,0.2488525575,0.0009761535317,0.0006360333073,4.0,Mild
404,385,Tyr,1.616994424,87.47821837,-69.49480819,163033,27.71291491,49.58258629,-1.3,12,9.0,0.00364503002,0.0854892418,0.209555916,0.001062985663,0.0004849011018,4.0,Severe
411,392,Asp,1.610779661,139.6030603,-89.64392523,184325,49.27120972,43.40308094,-3.5,603,6.0,0.0008570694958,0.08914858097,0.2894826108,0.0006825703431,0.0009565600972,4.0,Mild
412,393,Trp,1.772250092,153.5699249,-126.9174087,184665,28.11181939,43.13265133,-0.9,-1092,8.0,0.01154033062,0.09947839046,0.2066197219,0.0008546397583,0.002806373042,4.0,Severe
412,393,Trp,1.725781094,153.5699249,-126.9174087,184665,28.11181939,43.13265133,-0.9,-1092,8.0,0.01154033062,0.09947839046,0.2066197219,0.0008546397583,0.002806373042,4.0,Severe
414,395,Tyr,1.558238146,33.32430037,-94.30041856,158017,0.0,0.0,-1.3,-1007,10.0,0.01662239221,0.100754717,0.1703396007,0.001086150591,0.003878980361,4.0,Severe
422,403,Asp,1.550749629,-88.61368591,21.13646761,203.43,141.9675884,87.37915277,-3.5,1204,2.0,0.0,0.07537262873,0.78125,0.0003936307794,2.765605361e-05,2.0,Severe
424,405,Arg,1.534772237,84.60485932,-45.63594945,205.61,48.16282499,57.18989658,-4.5,137,9.0,0.006195247839,0.08862776339,0.247281921,0.001200668737,0.0005929833088,4.0,Moderate
434,415,Gly,1.610779661,-163.1600585,-142.711578,196.52,16.67232227,20.48286414,-0.4,0.88,4.0,6.669082897e-05,0.07436911593,0.3972225765,0.0005559260077,0.0001208018054,4.0,Severe
442,423,Tyr,1.558238146,158.935868,-129.1764259,144105,2.244107723,9.794735909,-1.3,-1147,11.0,0.01322125172,0.0938752549,0.1554998761,0.00114433549,0.002186594516,4.0,Severe
442,423,Tyr,1.540733678,158.935868,-129.1764259,144105,2.244107723,9.794735909,-1.3,-1147,11.0,0.01322125172,0.0938752549,0.1554998761,0.00114433549,0.002186594516,4.0,Severe
444,425,Lys,1.492146551,-168.9279106,-125.9375013,180048,0.0,0.0,-3.9,-1115,12.0,0.01654086593,0.09733868028,0.1467240256,0.00124491912,0.002188277758,4.0,Severe
444,425,Lys,1.48594445,-168.9279106,-125.9375013,180048,0.0,0.0,-3.9,-1115,12.0,0.01654086593,0.09733868028,0.1467240256,0.00124491912,0.002188277758,4.0,Severe
444,425,Lys,1.482804198,-168.9279106,-125.9375013,180048,0.0,0.0,-3.9,-1115,12.0,0.01654086593,0.09733868028,0.1467240256,0.00124491912,0.002188277758,4.0,Severe
447,428,Phe,1.581421373,129.9935282,-113.8774507,200724,2.938652992,19.96669149,2.8,-0.19,12.0,0.01349024103,0.09877182598,0.1524487713,0.001196743196,0.003160611749,4.0,Severe
454,435,Thr,1.531856375,76.92858954,-85.9134852,205.61,122.8465899,76.68193805,-0.7,-533,2.0,0.0,0.07623779339,0.66680839,0.0003332525344,5.376991909e-05,2.0,Mild
467,448,Ile,1.567576652,-15.22219305,-63.61659408,128.69,0.0,0.0,4.5,-0.74,6.0,0.004387924996,0.1021501263,0.2958187542,0.0006504795453,0.003174758103,4.0,Severe
480,461,Leu,1.641493235,140.2739042,-114.5136489,121036,0.0,0.0,3.8,0.64,7.0,0.007910953228,0.09888888889,0.245095697,0.0007764139997,0.001397084821,4.0,Moderate
482,463,Ile,1.394134159,69.3584252,-110.6336279,139981,3.160958476,16.24834943,4.5,-917,7.0,0.001960330976,0.09264399722,0.2113733989,0.0007734626175,0.0009620757946,4.0,Severe
485,466,Lys,1.48594445,138.4459125,-145.6347548,166182,14.45205253,20.59103036,-3.9,-216,9.0,0.002815488722,0.08530896543,0.1982398056,0.001030538108,0.0005712128781,4.0,Mild
486,467,Asn,1.351019146,-176.2457088,-63.36712799,176452,3.779617608,13.3006897,-3.5,-1.15,6.0,0.0008673228995,0.08283179252,0.2992506859,0.0007347879699,0.0002654549708,4.0,Moderate
489,470,Ser,1.351019146,-72.32629936,-74.24761695,153.93,55.9895916,45.65347981,-0.8,-802,3.0,7.449258157e-05,0.08347923962,0.4162358277,0.0004252943258,0.00017771601,3.0,Moderate
493,474,Asn,1.509279496,-173.5194973,-128.5873624,122503,0.0,0.0,-3.5,-1079,8.0,0.004664739712,0.09191682732,0.2012835486,0.0008506268091,0.001101451689,4.0,Moderate
495,476,Tyr,1.616994424,151.4207958,-126.3928812,140874,23.07306848,41.3950808,-1.3,-0.15,7.0,0.005705458057,0.09825568558,0.1975426798,0.0007713369602,0.001742457555,4.0,Moderate
496,477,Pro,1.572864713,128.7673474,-99.26373888,133787,0.4258901179,3.778842449,-1.6,-895,8.0,0.008187880692,0.1052839117,0.1959835266,0.0008609033021,0.002865197891,4.0,Severe
524,505,Pro,1.641493235,-8.521023363,-49.80263394,105496,101.5670446,69.63604236,-1.6,-1101,5.0,0.0001986872721,0.08280096756,0.3822326531,0.0006188973003,0.0002537570217,4.0,Mild
525,506,Gly,1.594515878,19.255866,138.2374817,102608,50.49836531,33.78412604,-0.4,-876,4.0,1.432418842e-06,0.08032974307,0.4819444444,0.0005206216704,0.0001721130588,4.0,Mild
529,510,Lys,1.580242383,121.8482045,-94.8555172,165941,65.97894786,78.88766205,-3.9,323,5.0,0.001684219933,0.08715805967,0.2517333333,0.0006247879846,0.000327856162,4.0,Moderate
540,521,Pro,1.641493235,136.8158103,-24.39781053,147087,13.46962824,33.3193171,-1.6,-1158,8.0,0.003376262824,0.1084396069,0.2170430283,0.0008905701982,0.004174476755,4.0,Moderate
540,521,Pro,1.464536114,136.8158103,-24.39781053,147087,13.46962824,33.3193171,-1.6,-1158,8.0,0.003376262824,0.1084396069,0.2170430283,0.0008905701982,0.004174476755,4.0,Moderate
540,521,Pro,1.381248403,136.8158103,-24.39781053,147087,13.46962824,33.3193171,-1.6,-1158,8.0,0.003376262824,0.1084396069,0.2170430283,0.0008905701982,0.004174476755,4.0,Moderate
541,522,Thr,1.209571263,-128.0319309,-84.19521581,140.98,22.38362371,37.74979025,-0.7,-0.42,7.0,0.002410445022,0.1132027474,0.3126369114,0.0008273355748,0.00370647269,4.0,Mild
545,526,Pro,1.572864713,130.4534472,-72.4013579,148866,28.12130346,51.57363397,-1.6,-553,4.0,0.001229233145,0.1092292587,0.3592825649,0.000502284205,0.003195186327,4.0,Severe
547,528,Cys,1.611632967,46.36531148,124.842974,156885,3.571407557,10.69885254,2.5,-1051,10.0,0.009481890409,0.1114264252,0.2014238528,0.00106674593,0.007401892531,4.0,Severe
547,528,Cys,1.558238146,46.36531148,124.842974,156885,3.571407557,10.69885254,2.5,-1051,10.0,0.009481890409,0.1114264252,0.2014238528,0.00106674593,0.007401892531,4.0,Severe
547,528,Cys,1.57121918,46.36531148,124.842974,156885,3.571407557,10.69885254,2.5,-1051,10.0,0.009481890409,0.1114264252,0.2014238528,0.00106674593,0.007401892531,4.0,Severe
547,528,Cys,1.483524698,46.36531148,124.842974,156885,3.571407557,10.69885254,2.5,-1051,10.0,0.009481890409,0.1114264252,0.2014238528,0.00106674593,0.007401892531,4.0,Severe
549,530,Thr,1.486619632,168.6983284,-59.81910182,137827,0.02783632756,6.293246746,-0.7,-894,8.0,0.01121426539,0.11841405,0.2522876821,0.0008453933741,0.00856115976,4.0,Mild
551,532,Tyr,1.558238146,169.1961121,-174.8354757,147076,44.64221232,64.51457453,-1.3,-193,10.0,0.0441979381,0.1156144453,0.183554511,0.001030355592,0.006095895928,4.0,Mild
552,533,Tyr,1.497652631,172.0031637,-140.0660231,126899,9.154242873,30.80537033,-1.3,-1147,11.0,0.01196545882,0.1062898089,0.1893568675,0.001086647705,0.004692548014,4.0,Severe
556,537,Val,1.602137715,-24.94245133,-56.21377803,145289,30.30491638,33.44317913,4.2,928,7.0,0.001645474586,0.09052074858,0.2586704903,0.0007615059216,0.0008626026011,4.0,Moderate
560,541,Arg,1.594515878,-60.19746327,-33.30618168,170159,108.1026231,90.30237699,-4.5,-0.32,7.0,0.001588428026,0.09005666487,0.2738095238,0.000808509942,0.0005271340708,4.0,Mild
560,541,Arg,1.557414739,-60.19746327,-33.30618168,170159,108.1026231,90.30237699,-4.5,-0.32,7.0,0.001588428026,0.09005666487,0.2738095238,0.000808509942,0.0005271340708,4.0,Mild
561,542,Asp,1.509279496,-73.05139319,-35.42032661,180316,0.0,0.0,-3.5,-1087,10.0,0.002032958716,0.09063751782,0.2083449263,0.00107162876,0.0009968781177,4.0,Severe
561,542,Asp,1.550749629,-73.05139319,-35.42032661,180316,0.0,0.0,-3.5,-1087,10.0,0.002032958716,0.09063751782,0.2083449263,0.00107162876,0.0009968781177,4.0,Severe
561,542,Asp,1.616994424,-73.05139319,-35.42032661,180316,0.0,0.0,-3.5,-1087,10.0,0.002032958716,0.09063751782,0.2083449263,0.00107162876,0.0009968781177,4.0,Severe
561,542,Asp,1.570719318,-73.05139319,-35.42032661,180316,0.0,0.0,-3.5,-1087,10.0,0.002032958716,0.09063751782,0.2083449263,0.00107162876,0.0009968781177,4.0,Severe
561,542,Asp,1.610779661,-73.05139319,-35.42032661,180316,0.0,0.0,-3.5,-1087,10.0,0.002032958716,0.09063751782,0.2083449263,0.00107162876,0.0009968781177,4.0,Severe
561,542,Asp,1.476924526,-73.05139319,-35.42032661,180316,0.0,0.0,-3.5,-1087,10.0,0.002032958716,0.09063751782,0.2083449263,0.00107162876,0.0009968781177,4.0,Severe
562,543,Leu,1.641493235,-78.01398871,-7.098219169,155.41,39.63502002,63.97496843,3.8,358,6.0,0.0005951480633,0.0914822175,0.343333727,0.0006841501916,0.0006731119791,4.0,Mild
564,545,Ser,1.470182123,-58.44748012,-44.29596344,183395,0.0,0.0,-0.8,-1016,7.0,0.0009862289651,0.09363164539,0.2448668604,0.0007599084624,0.001019774506,4.0,Severe
567,548,Ile,1.394134159,157.8687259,-168.3051818,124204,4.699771397,27.73922515,4.5,-733,9.0,0.01959859181,0.1067658349,0.2013652219,0.0008989069088,0.003794759794,4.0,Mild
567,548,Ile,1.531856375,157.8687259,-168.3051818,124204,4.699771397,27.73922515,4.5,-733,9.0,0.01959859181,0.1067658349,0.2013652219,0.0008989069088,0.003794759794,4.0,Mild
572,553,Ile,1.394134159,125.03087,-168.245031,113655,0.6624129415,8.266396523,4.5,-966,10.0,0.00776835902,0.106408417,0.1767319035,0.001075193127,0.004494632954,4.0,Mild
573,554,Cys,1.558238146,-163.7188729,-152.0075415,150845,3.729214489,14.06947374,2.5,-968,9.0,0.0048413112,0.102118871,0.239218107,0.001024286993,0.003121665542,4.0,Moderate
573,554,Cys,1.483524698,-163.7188729,-152.0075415,150845,3.729214489,14.06947374,2.5,-968,9.0,0.0048413112,0.102118871,0.239218107,0.001024286993,0.003121665542,4.0,Moderate
576,557,Glu,1.580242383,55.36366381,-175.1072969,186037,116.346982,103.6619086,-3.5,1.33,3.0,0.009030196053,0.08933351178,0.4822530864,0.0006682280369,5.981949657e-05,2.0,Mild
578,559,Val,1.441828421,101.2958767,-154.8210676,205.61,137.9267243,86.42449558,4.2,-546,2.0,0.0004749780277,0.08319312021,0.5,0.0005253703417,8.758002857e-06,2.0,Mild
583,564,Asn,1.351019146,150.6235152,-172.5302669,203605,64.9845146,71.85575652,-3.5,331,6.0,0.009269651229,0.0801609223,0.3650385802,0.00113619932,1.164777333e-05,3.0,Mild
586,567,Met,1.477666469,116.4707564,-132.5290195,205.61,127.1867799,94.27929592,1.9,-209,5.0,0.02456650857,0.08676155196,0.3863666667,0.0009367468169,5.20802278e-05,3.0,Mild
593,574,Ile,1.502823144,142.7540249,-154.290257,127842,0.0,0.0,4.5,-843,8.0,0.02079489882,0.1179954039,0.2064252522,0.0008447347638,0.009944597297,4.0,Severe
593,574,Ile,1.531856375,142.7540249,-154.290257,127842,0.0,0.0,4.5,-843,8.0,0.02079489882,0.1179954039,0.2064252522,0.0008447347638,0.009944597297,4.0,Severe
595,576,Phe,1.581421373,149.8522507,-85.24350585,158048,7.737496644,18.16692835,2.8,-928,8.0,0.02911615929,0.119763165,0.2065009537,0.000876378651,0.01086107143,4.0,Severe
596,577,Ser,1.581421373,153.0503885,-157.6487473,168177,4.958676726,28.44225681,-0.8,-708,7.0,0.02223942547,0.1113056528,0.2340140907,0.0008038306302,0.00591319281,4.0,Moderate
599,580,Asp,1.550749629,86.15663536,-91.1974772,137834,12.92027588,29.83412933,-3.5,-1.09,4.0,0.0006927201986,0.0917967407,0.404453125,0.0005100403106,0.0005270369754,4.0,Severe
600,581,Glu,1.470474534,-25.26407596,-46.51586796,189459,5.907685432,22.58248878,-3.5,-1126,8.0,0.003596705304,0.09400084495,0.2319165485,0.0008907953073,0.00128125835,4.0,Severe
600,581,Glu,1.580242383,-25.26407596,-46.51586796,189459,5.907685432,22.58248878,-3.5,-1126,8.0,0.003596705304,0.09400084495,0.2319165485,0.0008907953073,0.00128125835,4.0,Severe
602,583,Arg,1.594515878,1.642701723,-138.1246467,153839,124.3011918,94.6910907,-4.5,872,5.0,0.0008374864341,0.08917835671,0.3379627551,0.0006128262056,0.000458073285,4.0,Mild
604,585,Trp,1.725781094,-5.711781488,-50.47296347,150389,70.41975702,79.58582425,-0.9,-971,6.0,0.0004370937078,0.08730054931,0.2393472152,0.0006810832954,0.000637880368,4.0,Severe
604,585,Trp,1.57121918,-5.711781488,-50.47296347,150389,70.41975702,79.58582425,-0.9,-971,6.0,0.0004370937078,0.08730054931,0.2393472152,0.0006810832954,0.000637880368,4.0,Severe
614,595,Leu,1.622513718,124.9604086,-98.01909835,169.95,6.963000745,23.74467444,3.8,41,8.0,0.005599467398,0.08000239708,0.2261364884,0.0009875914889,0.0002793878427,4.0,Mild
620,601,Val,1.477666469,154.7165331,-39.29698462,203261,30.49948743,46.72421563,4.2,579,7.0,0.002607989726,0.07506747638,0.2695780693,0.0009385500555,0.0001294650204,4.0,Mild
635,616,Ser,1.351019146,-75.32212897,-43.34715285,157197,0.0,0.0,-0.8,-672,8.0,0.004012161116,0.1076005481,0.2223559835,0.000853824992,0.006640139078,4.0,Mild
638,619,Gly,1.610779661,86.93221514,67.25765477,148.3,0.0,0.0,-0.4,-1084,7.0,0.009196316559,0.1060702368,0.2330979151,0.0007493571443,0.00525186566,4.0,Severe
638,619,Gly,1.541568849,86.93221514,67.25765477,148.3,0.0,0.0,-0.4,-1084,7.0,0.009196316559,0.1060702368,0.2330979151,0.0007493571443,0.00525186566,4.0,Severe
641,622,Phe,1.581421373,-77.2147566,18.46014661,172324,7.930576131,26.20160198,2.8,-252,9.0,0.01414809947,0.1055252549,0.181639172,0.001011205354,0.01255597989,4.0,Mild
645,626,Gln,1.445797056,-7.352092419,52.70413125,189048,99.52460122,66.00400662,-3.5,889,6.0,0.0006820555115,0.1016755522,0.3091817488,0.0006797446291,0.006703935756,4.0,Moderate
650,631,Leu,1.641493235,125.5949331,-94.65988528,182172,92.13639563,80.16806507,3.8,713,3.0,7.184520853e-06,0.09676016525,0.5080272109,0.0004389906419,0.002506659836,3.0,Mild
650,631,Leu,1.428748512,125.5949331,-94.65988528,182172,92.13639563,80.16806507,3.8,713,3.0,7.184520853e-06,0.09676016525,0.5080272109,0.0004389906419,0.002506659836,3.0,Mild
650,631,Leu,1.446035116,125.5949331,-94.65988528,182172,92.13639563,80.16806507,3.8,713,3.0,7.184520853e-06,0.09676016525,0.5080272109,0.0004389906419,0.002506659836,3.0,Mild
651,632,His,1.43610581,3.685413228,69.17484904,183844,106.3368695,89.14167798,-3.2,168,5.0,0.0006691003815,0.1031445569,0.3654650227,0.0006313068263,0.008117025353,4.0,Moderate
654,635,Ala,1.512595782,167.6346205,-99.22822063,155504,5.161374092,22.33703256,1.8,153,6.0,0.003392220386,0.1143958869,0.2812510629,0.000694035941,0.01459786356,4.0,Moderate
655,636,Tyr,1.558238146,82.43854137,-151.7029393,139897,66.19657478,72.15398633,-1.3,-87,5.0,0.006893005845,0.1132123474,0.2691834711,0.0005928921977,0.009264886316,4.0,Mild
655,636,Tyr,1.497652631,82.43854137,-151.7029393,139897,66.19657478,72.15398633,-1.3,-87,5.0,0.006893005845,0.1132123474,0.2691834711,0.0005928921977,0.009264886316,4.0,Mild
657,638,Tyr,1.558238146,109.0507881,-110.4301748,148946,0.7788448334,8.142446518,-1.3,-738,11.0,0.02139753929,0.1137041138,0.1727856219,0.001172079882,0.01172524641,4.0,Mild
658,639,Ile,1.567576652,155.6170501,-132.212402,134.09,0.0,0.0,4.5,-556,8.0,0.006982330841,0.1192816297,0.2486014989,0.0008419689298,0.01082328741,4.0,Moderate
659,640,Leu,1.641493235,170.7765102,-167.9605394,141833,1.986091733,10.77803516,3.8,-469,10.0,0.05108750068,0.1229734709,0.1799602623,0.001058031614,0.01016643518,4.0,Moderate
661,642,Ile,1.502823144,-148.2377299,-148.4567561,138019,16.20395595,60.1071322,4.5,-708,9.0,0.02056746882,0.1165226499,0.2204819819,0.001094153619,0.005936711423,4.0,Mild
662,643,Gly,1.590514324,-116.8959272,71.23523248,142867,35.35816476,28.65313071,-0.4,-1085,2.0,0.0,0.1043784206,0.6992669753,0.0003403927754,0.0009439667686,2.0,Severe
662,643,Gly,1.594515878,-116.8959272,71.23523248,142867,35.35816476,28.65313071,-0.4,-1085,2.0,0.0,0.1043784206,0.6992669753,0.0003403927754,0.0009439667686,2.0,Severe
663,644,Ala,1.441828421,165.3265724,-93.14533055,127062,45.69636542,51.95833337,1.8,-0.66,3.0,0.003113178022,0.1106965174,0.4218964335,0.000456408312,0.002425270154,3.0,Mild
669,650,Ser,1.381248403,137.5864035,-166.8030651,140272,0.0248599425,2.93190217,-0.8,-984,6.0,0.02383651828,0.122319956,0.2386241855,0.0006669808551,0.03245225938,4.0,Moderate
670,651,Val,1.428748512,-172.8392727,-156.5279732,157103,2.27729249,9.033428192,4.2,-376,6.0,0.004051243886,0.121242394,0.2578915895,0.0006641149228,0.02586237475,4.0,Mild
671,652,Phe,1.446035116,126.4374621,-115.0072901,154625,0.0,0.0,2.8,-667,6.0,0.01218783353,0.1165328212,0.2175960379,0.0006399857829,0.02406500676,4.0,Mild
672,653,Phe,1.581421373,100.581759,-137.5660083,179049,18.52264404,25.6502943,2.8,-933,8.0,0.01338099548,0.11716693,0.196529104,0.0008475876361,0.02833650923,4.0,Severe
676,657,Thr,1.209571263,-68.16281856,67.97452323,160264,0.0,0.0,-0.7,-0.44,8.0,0.01297534202,0.1205417607,0.2126101948,0.0008091447189,0.04287159134,4.0,Mild
677,658,Phe,1.446035116,151.3562018,101.3084974,107763,0.0,0.0,2.8,-777,10.0,0.007374304383,0.1156845754,0.1784154321,0.0009921660691,0.04518817499,4.0,Moderate
681,662,Met,1.4218216,36.24059944,-100.0777286,138105,42.52852644,72.77371907,1.9,553,5.0,0.02936255888,0.1240245262,0.2712358277,0.0005811735697,0.02347456714,4.0,Mild
686,667,Thr,1.557414739,-156.3463133,-54.95701237,196347,4.060364246,20.1689508,-0.7,-578,8.0,0.01613590497,0.1299143636,0.1944806749,0.0007964034434,0.1060953493,4.0,Moderate
693,674,Ser,1.470182123,147.6337906,47.62739594,154268,23.95211377,48.60287356,-0.8,-549,5.0,0.002553991424,0.1229847996,0.299300907,0.0006230560336,0.01347810118,4.0,Mild
695,676,Glu,1.628742335,175.8939138,-139.7642655,180547,13.47663641,43.4333936,-3.5,132,6.0,0.050368358,0.1281435976,0.2420440051,0.0006879960357,0.01570839309,4.0,Mild
696,677,Thr,1.486619632,166.0676354,-171.2575504,202614,8.254981861,26.08826804,-0.7,-925,6.0,0.01532624777,0.1224545955,0.2870541838,0.0006670295881,0.007200090726,4.0,Mild
696,677,Thr,1.531856375,166.0676354,-171.2575504,202614,8.254981861,26.08826804,-0.7,-925,6.0,0.01532624777,0.1224545955,0.2870541838,0.0006670295881,0.007200090726,4.0,Mild
700,681,Ser,1.381248403,126.458153,-75.49237917,140892,25.93645237,37.38489962,-0.8,-289,5.0,0.005241588912,0.1177975823,0.3159322751,0.0005666732615,0.02312157974,4.0,Mild
700,681,Ser,1.470182123,126.458153,-75.49237917,140892,25.93645237,37.38489962,-0.8,-289,5.0,0.005241588912,0.1177975823,0.3159322751,0.0005666732615,0.02312157974,4.0,Mild
707,688,Trp,1.725781094,172.2570556,-113.3395332,205.61,43.79758596,52.54779315,-0.9,-819,12.0,0.005305239661,0.1037457258,0.1672873679,0.001337757785,0.01704481452,4.0,Mild
714,695,Ser,1.470182123,48.98388649,32.93498392,174133,31.85020441,39.6953218,-0.8,431,5.0,0.0006123351431,0.1166142558,0.2893714979,0.0005662545908,0.03777665654,4.0,Mild
724,705,Leu,1.446035116,-116.3742352,49.52251603,187.08,40.92599487,62.96035862,3.8,685,5.0,0.002704158735,0.111212929,0.2960103663,0.0005819092276,0.01220456961,4.0,Mild
725,706,Leu,1.560645702,177.0996051,91.12579722,179.78,2.499704599,7.841594219,3.8,-385,11.0,0.01282024861,0.1106781628,0.1726861417,0.001157505548,0.01600204726,4.0,Severe
727,708,Val,1.421447753,147.9753407,-138.8144771,173849,2.518312812,9.631129503,4.2,-985,8.0,0.004139824853,0.106374502,0.2252701109,0.0008725340051,0.01199319035,4.0,Severe
730,711,Cys,1.558238146,-162.0477999,-64.73236444,191.99,52.01099285,49.36686945,2.5,-1055,4.0,0.007185763139,0.09810405644,0.3851388889,0.000641688399,0.003044389565,3.0,Severe
738,719,Tyr,1.558238146,105.8890458,-76.46094431,205.61,185.478036,118.2430414,-1.3,308,3.0,1.559457208e-05,0.06149806523,0.6602777778,0.0006941928494,1.589657607e-08,2.0,Mild
739,720,Glu,1.580242383,-24.94977699,81.74570351,186677,152.1123259,98.77677751,-3.5,598,2.0,0.0,0.06137648844,0.8044444444,0.0004926088445,1.334378045e-08,2.0,Mild
742,723,Tyr,1.558238146,-45.52731819,-165.5962677,202477,127.6207054,103.5086944,-1.3,1101,5.0,0.01118626669,0.06975650538,0.2401,0.00104902279,6.154805417e-07,2.0,Mild
1709,1690,Ser,1.534772237,96.51980569,-176.3339638,205.61,101.4893355,70.45820212,-0.8,-315,2.0,0.001498127341,0.07765239646,0.5,0.0007451168609,2.167933737e-05,1.0,Mild
1712,1693,Lys,1.482804198,36.45708023,-141.6132902,179043,173.6287993,104.0644723,-3.9,784,2.0,0.0,0.09185990504,0.8044444444,0.0004544281542,0.001411221311,2.0,Moderate
1718,1699,Phe,1.446035116,123.3581611,-89.87609559,193851,74.82589141,93.83312798,2.8,-0.61,6.0,0.001707605236,0.1045828437,0.2546164109,0.0007161141546,0.01245000391,4.0,Mild
1726,1707,Trp,1.547584816,132.2498977,-135.8981546,159069,23.52437883,57.30098653,-0.9,-1075,10.0,0.02711719797,0.1183195959,0.1855734268,0.001129474804,0.3051976148,4.0,Severe
1726,1707,Trp,1.57121918,132.2498977,-135.8981546,159069,23.52437883,57.30098653,-0.9,-1075,10.0,0.02711719797,0.1183195959,0.1855734268,0.001129474804,0.3051976148,4.0,Severe
1727,1708,Asp,1.602137715,-153.0191584,-157.6068959,159605,51.39961109,60.864604,-3.5,-739,3.0,0.003425818954,0.1072633778,0.3861805556,0.0004695267322,0.07929969675,3.0,Mild
1729,1710,Gly,1.628742335,146.8973988,50.68642672,157.81,67.98908877,50.25457549,-0.4,-111,2.0,0.002994008614,0.1048951049,0.5,0.0004952107756,0.04154904768,1.0,Mild
1730,1711,Met,1.477666469,37.80063598,-149.7415725,201265,169.1112729,97.84140873,1.9,0.05,2.0,0.001498127341,0.09495696707,0.5,0.0006546757894,0.005114774274,1.0,Severe
1749,1730,Phe,1.446035116,155.2427383,-139.0276628,181143,19.77839085,53.80150336,2.8,-835,9.0,0.01330766952,0.1127533784,0.2369882246,0.001047818084,0.1775833673,4.0,Moderate
1754,1735,Phe,1.446035116,133.3905743,-106.3832991,181876,0.0,0.0,2.8,-648,8.0,0.004896531903,0.1186455741,0.2186364884,0.0008629367129,0.05110515416,4.0,Severe
1755,1736,Gln,1.445797056,156.8137932,-125.572508,196117,26.39139861,32.77593231,-3.5,-694,6.0,0.004967466557,0.1098403818,0.2313849128,0.0007072280328,0.02041052885,4.0,Severe
1764,1745,Gln,1.520655194,129.4930781,-133.9945583,205597,130.6129841,85.1054436,-3.5,823,4.0,1.451557184e-05,0.09160148209,0.3761805556,0.0005817729343,0.00172858944,3.0,Severe
1768,1749,Arg,1.520389601,-155.5890582,-168.2441432,194352,97.50527543,107.4807618,-4.5,-452,7.0,0.02089706815,0.1194310252,0.2069003527,0.0008196772517,0.06123105807,4.0,Mild
1768,1749,Arg,1.611632967,-155.5890582,-168.2441432,194352,97.50527543,107.4807618,-4.5,-452,7.0,0.02089706815,0.1194310252,0.2069003527,0.0008196772517,0.06123105807,4.0,Mild
1769,1750,Gly,1.594515878,166.9594662,116.0718711,134358,25.48816499,39.88521385,-0.4,-672,2.0,0.0146873187,0.1137428644,0.5,0.0003123458041,0.01218051881,2.0,Mild
1770,1751,Glu,1.580242383,-91.39683396,102.0671145,163358,14.25778431,36.47433674,-3.5,-1127,8.0,0.1130382156,0.1181938911,0.1988896221,0.000946241104,0.03919281912,4.0,Severe
1771,1752,Leu,1.641493235,-8.954265411,-85.64164116,151528,58.30941609,75.84335029,3.8,731,6.0,0.05263979973,0.123257317,0.2894768218,0.0006624653258,0.09967546646,4.0,Mild
1772,1753,Asn,1.502823144,14.74310796,-95.68857062,163715,43.20036173,56.91727686,-3.5,115,5.0,0.01357319157,0.1193989804,0.3765568252,0.0005771212627,0.0694379332,4.0,Mild
1779,1760,Gly,1.594515878,-160.606771,-66.45648498,204.74,0.0,0.0,-0.4,-1201,5.0,0.009948801217,0.1205526458,0.2879250126,0.0005630265286,0.06330788761,4.0,Severe
1779,1760,Gly,1.628742335,-160.606771,-66.45648498,204.74,0.0,0.0,-0.4,-1201,5.0,0.009948801217,0.1205526458,0.2879250126,0.0005630265286,0.06330788761,4.0,Severe
1782,1763,Ile,1.570323143,80.13617629,-75.00730554,137965,5.883980742,24.88377976,4.5,-1065,7.0,0.01134874206,0.1219846491,0.1968597944,0.0007522953072,0.06335442958,4.0,Severe
1783,1764,Arg,1.557414739,-169.1687284,-68.45360445,151522,37.89876521,43.27818203,-4.5,-0.72,6.0,0.003263976069,0.1208472889,0.2020111419,0.0006854700587,0.06629169385,4.0,Mild
1786,1767,Val,1.568550634,155.1158034,-111.9236515,162169,19.668557,39.57332754,4.2,-663,7.0,0.001359004804,0.1105773213,0.2751087349,0.0008213690874,0.0339023586,4.0,Mild
1791,1772,Met,1.599261734,94.32132595,-108.7443168,203.39,36.12107265,38.42749369,1.9,-181,9.0,0.002520914218,0.1063660266,0.2342919042,0.001026382753,0.02251615978,4.0,Severe
1792,1773,Val,1.428748512,92.79617395,-105.983648,168.59,1.869447231,9.897171974,4.2,-889,7.0,0.002591872619,0.110981794,0.2741964511,0.0007995074441,0.01641198581,4.0,Mild
1792,1773,Val,1.441828421,92.79617395,-105.983648,168.59,1.869447231,9.897171974,4.2,-889,7.0,0.002591872619,0.110981794,0.2741964511,0.0007995074441,0.01641198581,4.0,Mild
1799,1780,Ser,1.381248403,-139.462588,-62.88496061,182.18,45.91352601,39.99499357,-0.8,-751,4.0,0.0004663438743,0.09988776655,0.3374392361,0.000533435325,0.01137171215,4.0,Mild
1801,1782,Pro,1.490333211,90.57244974,-52.03608579,203457,28.6243372,28.65616798,-1.6,-868,7.0,0.002549483915,0.1055836761,0.2809867095,0.0008350271731,0.01925496421,4.0,Mild
1806,1787,Ser,1.381248403,146.3422415,-156.1199281,139137,0.0,0.0,-0.8,-881,7.0,0.002127378869,0.1186983196,0.250314041,0.0007306219,0.05319825421,4.0,Severe
1808,1789,Leu,1.446035116,19.66071023,-100.6710534,111127,0.0,0.0,3.8,-999,7.0,0.0030955743,0.118529699,0.2324602082,0.000735900256,0.05797245371,4.0,Mild
1808,1789,Leu,1.641493235,19.66071023,-100.6710534,111127,0.0,0.0,3.8,-999,7.0,0.0030955743,0.118529699,0.2324602082,0.000735900256,0.05797245371,4.0,Mild
1811,1792,Tyr,1.540733678,70.73632404,31.84649487,205.53,85.43505889,89.73547316,-1.3,-748,4.0,0.0003813782059,0.1052092363,0.3364714427,0.0004960602535,0.01352638476,4.0,Severe
1824,1805,Asn,1.502823144,-106.5198312,-36.19492206,191004,49.53539171,50.94762623,-3.5,-42,6.0,0.003595029061,0.1040773369,0.2824925989,0.0007281429574,0.007418075273,4.0,Moderate
1826,1807,Val,1.421447753,112.4167358,-118.7847135,205.61,20.65344024,31.45694304,4.2,-756,4.0,0.0003288438849,0.1024637347,0.397214703,0.000526554697,0.01032792814,4.0,Moderate
1836,1817,Trp,1.725781094,-169.241667,-111.4505989,171705,5.28625903,28.3663024,-0.9,-693,8.0,0.002741664263,0.1126677357,0.2083315495,0.0008521253176,0.04699354056,4.0,Moderate
1840,1821,His,1.522610082,-29.38274523,-81.63055826,177.55,107.9899913,85.36565387,-3.2,1412,4.0,2.749402057e-05,0.1089884889,0.4182378472,0.0004913632271,0.0226756052,4.0,Moderate
1843,1824,Ala,1.441828421,170.3575295,177.6431146,101722,2.308492094,16.69536924,1.8,-866,4.0,0.000452074898,0.1150366221,0.3295433063,0.0004807673545,0.04081567485,4.0,Mild
1843,1824,Ala,1.485436692,170.3575295,177.6431146,101722,2.308492094,16.69536924,1.8,-866,4.0,0.000452074898,0.1150366221,0.3295433063,0.0004807673545,0.04081567485,4.0,Mild
1844,1825,Pro,1.641493235,153.0973611,-47.41447337,136047,9.226539753,17.46946692,-1.6,-1.17,8.0,0.006526620012,0.1246149538,0.2162699889,0.0008472482065,0.1026380822,4.0,Mild
1844,1825,Pro,1.381248403,153.0973611,-47.41447337,136047,9.226539753,17.46946692,-1.6,-1.17,8.0,0.006526620012,0.1246149538,0.2162699889,0.0008472482065,0.1026380822,4.0,Mild
1847,1828,Asp,1.610779661,77.85584032,-97.38562901,149694,43.00974894,60.05481863,-3.5,1552,5.0,0.0003033234458,0.1194203417,0.29685,0.0006029794853,0.03078252309,4.0,Severe
1851,1832,Cys,1.611632967,138.7188423,-137.8336559,161533,0.0,0.0,2.5,-1151,10.0,0.007325915142,0.1275924687,0.1787442447,0.000974419829,0.197445698,4.0,Severe
1854,1835,Trp,1.57121918,-178.7237323,-81.94554402,158765,0.1327032149,4.77345562,-0.9,-974,12.0,0.01715797499,0.1292227277,0.1419812652,0.001137479284,0.1848346757,4.0,Severe
1859,1840,Asp,1.610779661,39.83568832,-114.1335627,182028,9.961612671,24.71974516,-3.5,-602,5.0,0.002111373224,0.1151556974,0.2837626543,0.0005604689503,0.02753616214,4.0,Moderate
1861,1842,Asp,1.616994424,-14.70866732,-100.9138529,205.61,75.62148118,60.5054059,-3.5,-911,5.0,0.0004690376029,0.1110464149,0.3496050862,0.0005772055966,0.03616400944,4.0,Mild
1863,1844,Glu,1.580242383,-62.97359203,-112.3195069,205.61,63.1380583,59.34055877,-3.5,-905,5.0,0.0003247233671,0.1143958869,0.368867789,0.0005749472939,0.05645858419,4.0,Mild
1864,1845,Lys,1.580242383,-50.40240221,-28.85366093,180212,63.87236005,65.68546486,-3.9,-29,6.0,0.00132630029,0.1122414663,0.2988687795,0.0006871952596,0.0566678484,4.0,Mild
1867,1848,His,1.520389601,-49.77062181,-66.154742,155549,7.026915669,19.41978693,-3.2,-545,11.0,0.01419509711,0.1213195202,0.1675890153,0.001162929889,0.1812493198,4.0,Moderate
1868,1849,Ser,1.470182123,39.61792668,-75.0159867,190803,0.0,0.0,-0.8,-1088,8.0,0.01184961098,0.1161071491,0.2073608968,0.0008672925242,0.0973747084,4.0,Severe
1868,1849,Ser,1.381248403,39.61792668,-75.0159867,190803,0.0,0.0,-0.8,-1088,8.0,0.01184961098,0.1161071491,0.2073608968,0.0008672925242,0.0973747084,4.0,Severe
1870,1851,Leu,1.622513718,83.78631184,63.97265065,179609,0.0,0.0,3.8,-1164,9.0,0.01044478684,0.1199353158,0.1843028008,0.0009531686975,0.06242589639,4.0,Severe
1872,1853,Gly,1.594515878,133.1123683,-127.6845724,134827,1.633513436,10.50691438,-0.4,-1161,4.0,8.071439229e-05,0.119527263,0.3560615028,0.0004685196799,0.047292656,4.0,Severe
1872,1853,Gly,1.628742335,133.1123683,-127.6845724,134827,1.633513436,10.50691438,-0.4,-1161,4.0,8.071439229e-05,0.119527263,0.3560615028,0.0004685196799,0.047292656,4.0,Severe
1875,1856,Leu,1.641493235,-179.5106478,-109.7096707,141159,0.0,0.0,3.8,-597,8.0,0.004408474856,0.1287243275,0.2165789112,0.0007894555084,0.1685122114,4.0,Severe
1876,1857,Val,1.428748512,176.8520735,-156.9953989,91.8329,0.0,0.0,4.2,-864,9.0,0.00352514358,0.1229394972,0.2006546258,0.0009043083197,0.1387731312,4.0,Mild
1877,1858,Cys,1.611632967,-165.0341549,-152.068434,136917,0.0,0.0,2.5,-1196,9.0,0.008689224425,0.1203027845,0.1949578115,0.0009624198499,0.09025383568,4.0,Severe
1877,1858,Cys,1.558238146,-165.0341549,-152.068434,136917,0.0,0.0,2.5,-1196,9.0,0.008689224425,0.1203027845,0.1949578115,0.0009624198499,0.09025383568,4.0,Severe
1881,1862,Thr,1.464536114,-27.81460683,-146.2499928,164537,30.94943637,41.13858247,-0.7,-0.57,6.0,0.002117086469,0.1116780994,0.2877582296,0.0007674396058,0.03000113351,4.0,Severe
1882,1863,Leu,1.641493235,119.4389979,-112.3892278,164528,8.756876666,39.58360398,3.8,-841,8.0,0.006247321259,0.1114450288,0.2098253038,0.001020540828,0.02582152746,4.0,Severe
1889,1870,Gln,1.461857923,-112.9615676,75.66686676,161991,11.74351132,26.42452765,-3.5,489,8.0,0.008886341597,0.1156344738,0.2379286024,0.001026876671,0.05197028551,4.0,Mild
1892,1873,Val,1.139115695,178.568245,-153.0758656,186227,5.090983436,21.80190468,4.2,458,6.0,0.002577792205,0.1177144873,0.3219193673,0.0007471361175,0.07079672417,4.0,Moderate
1895,1876,Phe,1.581421373,136.2187118,-136.7649411,160634,0.0,0.0,2.8,-894,9.0,0.08361874287,0.133339992,0.1866596713,0.0008914589816,0.2229430753,4.0,Mild
1896,1877,Ala,1.490333211,121.0985512,-117.2677057,131.02,2.399679184,9.378196716,1.8,16,3.0,0.0003475771449,0.1244755245,0.3805987015,0.0003654845933,0.09489224267,3.0,Severe
1901,1882,Ile,1.394134159,108.9533156,-139.0434799,165445,1.920314789,13.25318527,4.5,-422,8.0,0.01643523889,0.1243132508,0.1889319838,0.000789573034,0.4737939608,4.0,Mild
1913,1894,Asn,1.351019146,4.157818287,-67.3973762,184555,61.51450506,76.49152231,-3.5,-675,5.0,3.741664035e-06,0.09482207543,0.4960864198,0.0007093636279,0.01131240816,4.0,Mild
1913,1894,Asn,1.482804198,4.157818287,-67.3973762,184555,61.51450506,76.49152231,-3.5,-675,5.0,3.741664035e-06,0.09482207543,0.4960864198,0.0007093636279,0.01131240816,4.0,Mild
1939,1920,Ala,1.512595782,156.3494483,-160.1614803,142.89,0.0,0.0,1.8,-882,8.0,0.003789097391,0.1252110298,0.2028200116,0.0007760299963,0.5795951991,4.0,Severe
1939,1920,Ala,1.485436692,156.3494483,-160.1614803,142.89,0.0,0.0,1.8,-882,8.0,0.003789097391,0.1252110298,0.2028200116,0.0007760299963,0.5795951991,4.0,Severe
1939,1920,Ala,1.441828421,156.3494483,-160.1614803,142.89,0.0,0.0,1.8,-882,8.0,0.003789097391,0.1252110298,0.2028200116,0.0007760299963,0.5795951991,4.0,Severe
1939,1920,Ala,1.490333211,156.3494483,-160.1614803,142.89,0.0,0.0,1.8,-882,8.0,0.003789097391,0.1252110298,0.2028200116,0.0007760299963,0.5795951991,4.0,Severe
1940,1921,Ile,1.502823144,119.1003081,-85.10917353,126188,0.0,0.0,4.5,-1106,10.0,0.01394779754,0.1323485675,0.1815685167,0.0009444128397,0.5655703752,4.0,Mild
1943,1924,Tyr,1.558238146,72.39077882,-134.0149241,170858,36.85667828,36.46890092,-1.3,-0.72,11.0,0.02641798242,0.1252345216,0.1907094445,0.001090123579,0.5207913379,4.0,Mild
1944,1925,Ile,1.581183353,143.5244107,-51.96520146,154295,41.51749884,46.0268904,4.5,-524,10.0,0.01415864543,0.1229847996,0.2028397903,0.0009793810755,0.6480394226,4.0,Mild
1950,1931,Gly,1.610779661,79.51396895,-49.39950628,128.94,1.194104075,5.064055443,-0.4,-1158,4.0,0.0003517632484,0.1195593767,0.4214684179,0.0004674001315,0.0950142573,4.0,Mild
1959,1940,Ile,1.394134159,160.7152026,-129.3758316,125069,0.0,0.0,4.5,-438,9.0,0.005580569697,0.1273247496,0.1924939213,0.0009096926351,0.1834844221,4.0,Moderate
1963,1944,Leu,1.641493235,37.15944624,-103.9967779,110406,0.0,0.0,3.8,-1083,8.0,0.04107916551,0.137628866,0.1793290661,0.0007889586697,0.2716490171,4.0,Severe
1964,1945,Leu,1.641493235,90.6446204,-44.59873173,123764,17.60421913,44.17725801,3.8,-657,9.0,0.01162889347,0.13226989,0.1520036208,0.0008810459888,0.2182816385,4.0,Severe
1965,1946,Ser,1.567576652,-162.7297986,-74.69221868,129565,5.089170933,11.47258377,-0.8,-1049,6.0,0.006726567377,0.133060899,0.2521986454,0.0006340764413,0.1577857449,4.0,Severe
1968,1949,Ser,1.534772237,-123.5621537,-86.05320035,205.61,39.59724373,42.58939743,-0.8,-126,5.0,0.0002585768419,0.1211323836,0.3541753086,0.0005651084267,0.1731117015,4.0,Mild
1974,1955,Ser,1.500742628,93.46443568,-74.34978812,158108,0.0,0.0,-0.8,-847,10.0,0.009475336869,0.131916996,0.186697006,0.0009223718021,0.5876421274,4.0,Severe
1982,1963,Phe,1.394134159,-173.5611819,167.8055195,141305,0.08142670989,4.561839104,2.8,-903,8.0,0.006895256053,0.1261695492,0.1971266697,0.000860652606,0.08754644821,4.0,Mild
1982,1963,Phe,1.446035116,-173.5611819,167.8055195,141305,0.08142670989,4.561839104,2.8,-903,8.0,0.006895256053,0.1261695492,0.1971266697,0.000860652606,0.08754644821,4.0,Mild
1986,1967,Lys,1.581183353,46.92802078,-170.2068752,154913,44.58328078,73.96876037,-3.9,385,7.0,0.007242903526,0.1225782756,0.276707564,0.0007898634986,0.03326529882,4.0,Moderate
1989,1970,Glu,1.628742335,27.30714384,-88.85342651,150893,58.33464122,47.8558507,-3.5,-169,7.0,0.002163807441,0.12,0.2499797538,0.0007993333818,0.03484957187,4.0,Mild
1993,1974,Ala,1.485436692,6.26173335,-144.6219405,145364,1.208368689,11.49862599,1.8,-741,6.0,0.004382791451,0.1264923252,0.2629080889,0.0006827851012,0.07474724494,4.0,Mild
1997,1978,Leu,1.446035116,119.167608,-33.34790154,137566,0.0,0.0,3.8,-1164,9.0,0.03695897991,0.1393673661,0.1878860513,0.000863718235,0.3643629679,4.0,Mild
1999,1980,Pro,1.641493235,115.2313167,-51.93059345,169417,4.958589554,15.46184421,-1.6,-1091,8.0,0.01791794661,0.1318388307,0.1948681038,0.000812710111,0.2535277376,4.0,Mild
2007,1988,Met,1.4218216,-162.0193296,-111.177765,137.44,3.559284598,15.06207108,1.9,-1099,8.0,0.007748612652,0.1286622976,0.1713123053,0.0008429729005,0.1493848865,4.0,Mild
2013,1994,Gly,1.594515878,-164.3324558,108.9257043,133.31,6.974340647,23.80607092,-0.4,-1162,5.0,0.002459427169,0.1155244029,0.2517333333,0.0005919220946,0.04886965234,4.0,Severe
2017,1998,Val,1.477666469,133.0630006,-155.8452738,165016,0.0,0.0,4.2,-695,7.0,0.003707392332,0.1294231701,0.2417131204,0.000691316943,0.3412605398,4.0,Mild
2023,2004,Glu,1.580242383,-74.06483532,-58.41100862,154952,57.0524745,57.55447865,-3.5,-57,7.0,0.003845810316,0.1235081876,0.2737891395,0.0006757039223,0.5356138849,4.0,Mild
2030,2011,Ser,1.351019146,134.1281905,176.3553633,152337,3.384744167,8.672012329,-0.8,-796,8.0,0.006651486333,0.125741735,0.2267592532,0.0007686421273,0.529156953,4.0,Mild
2036,2017,Tyr,1.558238146,174.5750895,-124.4865692,132657,14.57052454,38.20950842,-1.3,-509,8.0,0.1012750329,0.1248246844,0.1990818098,0.0008713782854,0.08277073243,4.0,Moderate
2044,2025,Leu,1.641493235,-11.26814351,-75.81466395,127796,23.25874944,42.11779034,3.8,-884,9.0,0.01831492302,0.09738838634,0.1850828158,0.000997266912,0.001990248407,4.0,Severe
2047,2028,Ala,1.590514324,-56.28599268,-98.5733713,181758,57.77552223,43.79107964,1.8,-93,4.0,0.0008926261328,0.08601804124,0.3846812307,0.0005364680431,0.0002892171535,3.0,Severe
2051,2032,Ile,1.567576652,108.3609699,-60.62023855,164686,24.4828242,56.08906639,4.5,-911,7.0,0.002556638858,0.09014179608,0.2742121595,0.0008475175463,0.0005729296932,4.0,Severe
2053,2034,Asp,1.602137715,-36.1556378,-40.96793558,175504,70.83257747,70.12183237,-3.5,-981,5.0,0.003373397082,0.08496690428,0.3849857143,0.0006587624266,0.0001632567348,4.0,Mild
2056,2037,Ile,1.502823144,-152.0220129,163.111926,137282,57.30185572,64.63829315,4.5,-1043,7.0,0.00659872154,0.08924393342,0.2427817402,0.0008381075026,0.0004608642822,4.0,Moderate
2058,2039,Ala,1.490333211,-91.70161483,-147.7760482,183632,7.136470139,18.54734623,1.8,-1063,6.0,0.002354813144,0.08243793998,0.285420349,0.0007315457665,0.0003081198911,4.0,Moderate
2060,2041,Gly,1.590514324,143.0314492,-177.3131056,143.16,22.51685986,27.45114398,-0.4,278,5.0,0.0004045108216,0.07670650425,0.3274827121,0.0006468796225,0.0001062353332,4.0,Mild
2060,2041,Gly,1.568550634,143.0314492,-177.3131056,143.16,22.51685986,27.45114398,-0.4,278,5.0,0.0004045108216,0.07670650425,0.3274827121,0.0006468796225,0.0001062353332,4.0,Mild
2063,2044,Gly,1.594515878,65.97075439,106.7870625,204312,55.18995911,37.21667969,-0.4,504,3.0,1.629817256e-06,0.07197153485,0.4874566371,0.0004417539683,3.423968884e-05,3.0,Severe
2066,2047,Ala,1.441828421,173.9671725,-165.715553,162274,5.146790981,12.95774937,1.8,0.2,8.0,0.001965828135,0.0781478663,0.2385272711,0.0009619748521,0.0001443832228,4.0,Mild
2067,2048,Pro,1.641493235,96.20400474,-59.48008919,122169,13.24612194,37.55980492,-1.6,-0.95,6.0,0.003262038315,0.08256540293,0.2426914785,0.0007344152066,0.000185616134,4.0,Severe
2069,2050,Leu,1.641493235,127.4182917,-136.6902101,190115,15.96438206,38.9170633,3.8,-961,6.0,0.0009214059073,0.0781478663,0.2075361395,0.0007637689519,9.710389225e-05,4.0,Moderate
2071,2052,Arg,1.534772237,84.15533931,90.57854453,140119,53.01749056,61.11187315,-4.5,-1163,8.0,0.00631396471,0.08689143452,0.218784517,0.0009427966927,0.0004179700723,4.0,Severe
2081,2062,Trp,1.547584816,162.547138,-106.6011353,165294,0.883087039,11.56700706,-0.9,-1165,11.0,0.013117431,0.08295532219,0.1481829275,0.001224079849,0.000335531898,4.0,Severe
2081,2062,Trp,1.57121918,162.547138,-106.6011353,165294,0.883087039,11.56700706,-0.9,-1165,11.0,0.013117431,0.08295532219,0.1481829275,0.001224079849,0.000335531898,4.0,Severe
2081,2062,Trp,1.725781094,162.547138,-106.6011353,165294,0.883087039,11.56700706,-0.9,-1165,11.0,0.013117431,0.08295532219,0.1481829275,0.001224079849,0.000335531898,4.0,Severe
2088,2069,Ser,1.581421373,176.2215396,-43.82550072,194557,4.514585118,25.00167572,-0.8,-213,5.0,0.005152000937,0.0816663608,0.2,0.0007656133012,0.0001331275255,3.0,Severe
2088,2069,Ser,1.500742628,176.2215396,-43.82550072,194557,4.514585118,25.00167572,-0.8,-213,5.0,0.005152000937,0.0816663608,0.2,0.0007656133012,0.0001331275255,3.0,Severe
2091,2072,Lys,1.48594445,155.3073996,-125.909409,176029,51.09758562,48.15262127,-3.9,-1102,7.0,0.00182396009,0.08963340943,0.2595916343,0.000787741114,0.001030600687,4.0,Mild
2092,2073,Val,1.568550634,151.3520251,-132.0015188,159514,0.1581942588,11.77230835,4.2,-1086,8.0,0.01506815853,0.09659214239,0.1923700733,0.0008851586078,0.001392272035,4.0,Moderate
2101,2082,His,1.520389601,-14.19749041,-75.45541025,182498,0.0,0.0,-3.2,-1035,9.0,0.01530443598,0.1078526418,0.1965505507,0.000974197035,0.006772517081,4.0,Mild
2101,2082,His,1.550749629,-14.19749041,-75.45541025,182498,0.0,0.0,-3.2,-1035,9.0,0.01530443598,0.1078526418,0.1965505507,0.000974197035,0.006772517081,4.0,Mild
2109,2090,Arg,1.611632967,138.1929881,-105.9672717,196041,143.6878189,106.0996361,-4.5,-268,4.0,0.0004115357988,0.06862341935,0.2921604938,0.0006347333257,1.87911371e-05,3.0,Mild
2115,2096,Leu,1.641493235,132.3268291,-128.6658694,200035,6.291140079,14.6763525,3.8,413,9.0,0.00253153469,0.07361455749,0.2039848408,0.00110226886,0.0001049478212,4.0,Mild
2118,2099,Ser,1.381248403,-25.48370432,-121.4193406,169635,36.74289134,38.03012776,-0.8,0.35,4.0,2.761500096e-05,0.08631837579,0.4175868056,0.000547891458,0.0002280454384,4.0,Mild
2120,2101,Phe,1.483524698,162.3175668,-130.1245425,132299,0.0,0.0,2.8,-423,9.0,0.0140265052,0.09559613319,0.2024271787,0.001001872274,0.001694687158,4.0,Mild
2120,2101,Phe,1.446035116,162.3175668,-130.1245425,132299,0.0,0.0,2.8,-423,9.0,0.0140265052,0.09559613319,0.2024271787,0.001001872274,0.001694687158,4.0,Mild
2121,2102,Ile,1.502823144,142.238708,-118.8479921,143045,30.13777186,43.60267806,4.5,759,5.0,0.001627707938,0.09541166381,0.296087963,0.0006217225296,0.001189355016,4.0,Mild
2125,2106,Ser,1.209571263,-175.4866044,169.6829316,117328,9.064757451,17.48533058,-0.8,-1126,8.0,0.002552773696,0.1023302162,0.2678284328,0.0008957637705,0.00323333773,4.0,Severe
2131,2112,Trp,1.57121918,126.9214464,-155.4109413,178751,74.15360681,75.46261072,-0.9,-1081,7.0,0.008378291136,0.1010368576,0.2415021309,0.0008091134145,0.002941926341,4.0,Moderate
2136,2117,Gly,1.594515878,-153.3659435,156.9072819,118502,10.19840718,19.87719989,-0.4,-869,5.0,0.001162069491,0.1084307992,0.3318055556,0.0006598161871,0.008240531086,3.0,Severe
2141,2122,Thr,1.486619632,1.688212566,-81.27220428,172126,100.648591,82.77806544,-0.7,1304,2.0,0.0,0.09054530657,0.7309027778,0.0003707697765,0.0004234700208,2.0,Severe
2146,2127,Phe,1.581421373,130.4757064,-141.5877006,173967,131.4489955,91.39402241,2.8,1507,6.0,0.003020322231,0.09396776237,0.3169941264,0.000756976835,0.0007259800209,4.0,Mild
2149,2130,Val,1.568550634,55.57610872,167.4252769,164.05,92.86344004,58.15706301,4.2,138,3.0,0.0004448411001,0.07815244117,0.4298469388,0.0004443542373,4.359749623e-05,3.0,Moderate
2150,2131,Asp,1.602137715,167.0537263,149.9323686,165481,61.70454407,47.79833651,-3.5,-381,4.0,0.0002761293116,0.07341619006,0.3177437642,0.0005698949795,3.643614101e-05,3.0,Severe
2151,2132,Ser,1.470182123,139.8673263,-75.29348363,158247,37.91199088,39.2197504,-0.8,-397,6.0,0.001436026392,0.07893803217,0.2675127603,0.0007732126227,0.0001225491965,4.0,Mild
2152,2133,Ser,1.381248403,38.01700431,79.73257275,177223,64.30343533,44.77310085,-0.8,-105,5.0,0.001409684806,0.08149188133,0.3517321744,0.0006343959124,0.0001447205175,4.0,Mild
2155,2136,Lys,1.580242383,81.98999772,-60.24538813,168137,81.54379159,63.42109942,-3.9,-0.33,6.0,0.001454318079,0.09114494436,0.2696257322,0.0007315555569,0.0005143433634,4.0,Mild
2163,2144,Ile,1.567576652,168.9732184,-113.2753539,171283,0.318191018,5.653108239,4.5,-276,7.0,0.004077132968,0.1075312122,0.2161371741,0.0007961003002,0.006489947959,4.0,Severe
2165,2146,Ala,1.441828421,-165.2519852,151.6601197,152246,2.017636582,12.59483767,1.8,-983,9.0,0.01020191248,0.1048292108,0.2292192516,0.0009905061571,0.003537722187,4.0,Mild
2176,2157,Ser,1.534772237,101.1926554,-93.43265683,143885,25.86320222,26.52325076,-0.8,0.86,6.0,0.0005313363475,0.07502107334,0.3351509397,0.0007474324013,6.789507053e-05,4.0,Mild
2179,2160,Ser,1.534772237,150.5156149,-53.91246398,131298,2.014420271,10.79248333,-0.8,-345,6.0,7.700243745e-05,0.07606404193,0.2842637472,0.0007218900318,9.663273858e-05,4.0,Moderate
2180,2161,Thr,1.486619632,166.4389139,168.4720563,143.75,0.0,0.0,-0.7,-848,7.0,0.002073770582,0.07794710107,0.2217911478,0.0008029267304,0.0001938798662,4.0,Severe
2184,2165,Glu,1.580242383,29.84826448,-158.5458472,171.64,23.02082907,30.02769995,-3.5,-1154,8.0,0.009620214849,0.09279210398,0.217322772,0.0009132871443,0.001010655067,4.0,Moderate
2184,2165,Glu,1.512595782,29.84826448,-158.5458472,171.64,23.02082907,30.02769995,-3.5,-1154,8.0,0.009620214849,0.09279210398,0.217322772,0.0009132871443,0.001010655067,4.0,Moderate
2184,2165,Glu,1.628742335,29.84826448,-158.5458472,171.64,23.02082907,30.02769995,-3.5,-1154,8.0,0.009620214849,0.09279210398,0.217322772,0.0009132871443,0.001010655067,4.0,Moderate
2190,2171,Leu,1.428748512,-105.4600107,-39.68199254,176749,62.15882415,78.58568907,3.8,-131,5.0,0.00719143794,0.1073064866,0.2904988662,0.0006247427427,0.008213736477,4.0,Mild
2195,2176,Met,1.504017339,152.9925574,-154.9635252,160455,70.81592393,61.73724318,1.9,466,8.0,0.05748003613,0.1038668015,0.2133840732,0.0009246038195,0.002740930429,4.0,Mild
2196,2177,Pro,1.641493235,148.2789525,-54.55497112,174223,54.52407338,62.58363771,-1.6,-942,4.0,0.01460628806,0.09586385179,0.3567417997,0.0004950941399,0.000650331148,4.0,Mild
2200,2181,Glu,1.476924526,-52.153984,-71.41911601,171.48,78.29231405,68.45664644,-3.5,-644,7.0,0.0001669878644,0.08474038339,0.2890939759,0.0007843401552,0.0002796779022,4.0,Mild
2201,2182,Ser,1.567576652,-2.330668211,-59.75796967,188.97,74.16569458,57.44580883,-0.8,1045,5.0,1.36801286e-05,0.08418994766,0.3793258503,0.0006111817793,0.0001941785728,4.0,Mild
2204,2185,Ile,1.531856375,104.6444988,-152.1501456,118969,23.43296823,39.72775298,4.5,-1107,9.0,0.01405327825,0.09137577002,0.2044563096,0.001031840949,0.0003942063644,4.0,Mild
2209,2190,Ile,1.502823144,90.01138321,-101.6959216,182.16,8.456942618,14.66185856,4.5,-717,8.0,0.01323127231,0.08656464791,0.2063836628,0.0009219360978,0.0002192563585,4.0,Moderate
2212,2193,Ser,1.381248403,-129.6790046,-62.72705527,138775,30.88804185,29.08789515,-0.8,-1183,5.0,0.001125025277,0.07675942962,0.2817366213,0.0006237719067,3.822437635e-05,4.0,Moderate
2213,2194,Ser,1.581421373,118.5427555,-43.57295035,161153,23.19363032,25.36417627,-0.8,-1144,5.0,0.001073249508,0.07309861469,0.3057477062,0.0006311256065,2.783904399e-05,4.0,Severe
2213,2194,Ser,1.530508095,118.5427555,-43.57295035,161153,23.19363032,25.36417627,-0.8,-1144,5.0,0.001073249508,0.07309861469,0.3057477062,0.0006311256065,2.783904399e-05,4.0,Severe
2213,2194,Ser,1.500742628,118.5427555,-43.57295035,161153,23.19363032,25.36417627,-0.8,-1144,5.0,0.001073249508,0.07309861469,0.3057477062,0.0006311256065,2.783904399e-05,4.0,Severe
2222,2203,Trp,1.725781094,36.06897453,-83.80611269,161424,20.74896866,36.71278,-0.9,-1164,9.0,0.004344095465,0.07498736168,0.1709696062,0.001020136594,6.092845681e-05,4.0,Moderate
2229,2210,Leu,1.446035116,151.8842823,-32.06577573,152.88,15.36462539,24.71607351,3.8,-872,8.0,0.00901102081,0.08424839076,0.2134631948,0.0009074740349,0.0001882711037,4.0,Mild
2229,2210,Leu,1.641493235,151.8842823,-32.06577573,152.88,15.36462539,24.71607351,3.8,-872,8.0,0.00901102081,0.08424839076,0.2134631948,0.0009074740349,0.0001882711037,4.0,Mild
2230,2211,His,1.43610581,-22.06145462,46.44094178,164302,120.3940822,90.90839934,-3.2,-795,3.0,7.915592875e-06,0.078042792,0.4510245199,0.0004056278789,4.681697224e-05,3.0,Severe
2233,2214,Gly,1.772250092,-162.2688884,111.754599,190453,51.29212916,36.39595354,-0.4,-1076,3.0,2.414523076e-06,0.06886057668,0.5424845679,0.0004489074698,1.440014461e-05,3.0,Mild
2237,2218,Ala,1.485436692,-170.6646845,145.3693879,184.19,0.0,0.0,1.8,-1152,7.0,0.0004235753096,0.07541946783,0.2260215768,0.000779120623,7.889734817e-05,4.0,Mild
2239,2220,Arg,1.594515878,119.6124804,-144.2776004,178476,38.76253131,45.83866704,-4.5,-798,6.0,0.002019195808,0.07264515427,0.2393851402,0.0007162940636,2.925763938e-05,4.0,Moderate
2242,2223,Val,1.477666469,130.2474399,-149.3099184,163503,105.196483,75.39422822,4.2,0.62,4.0,6.576996411e-05,0.06826200337,0.3042889031,0.0005668157984,7.019150013e-06,4.0,Severe
2247,2228,Glu,1.476924526,-176.2119308,45.01797793,170344,20.70548379,33.35837221,-3.5,-868,8.0,0.003370015349,0.07824863724,0.2225841237,0.0009330106614,6.305178722e-05,4.0,Mild
2249,2230,Leu,1.622513718,134.7077844,-119.7626898,191875,0.0,0.0,3.8,-789,7.0,0.01012490931,0.08340101206,0.2210180765,0.0007782584775,0.0001309987895,4.0,Severe
2250,2231,Gln,1.461857923,150.0753689,-112.4970596,185284,15.32350302,21.89083672,-3.5,-1109,9.0,0.02090375413,0.08862187998,0.2156455489,0.001001508257,0.0002483411575,4.0,Mild
2253,2234,Phe,1.581421373,-32.29958754,-29.27020482,156879,21.09942027,39.65900707,2.8,-421,9.0,0.01452364007,0.09616769918,0.2002196731,0.00103157242,0.0008492477528,4.0,Moderate
2258,2239,Lys,1.580242383,113.5351374,-108.9080926,169.38,35.41656653,80.89576244,-3.9,-851,5.0,0.02192473897,0.1061630219,0.3121871504,0.0006248320754,0.00392947577,4.0,Mild
2259,2240,Val,1.421447753,121.0651187,-100.4036204,140863,0.0,0.0,4.2,-898,9.0,0.01671414419,0.09732448786,0.1912416716,0.001011905437,0.0008860593178,4.0,Mild
2264,2245,Thr,1.485436692,168.1174706,-124.5944914,129.11,0.0,0.0,-0.7,-1093,6.0,0.003295145172,0.08003117319,0.2452919239,0.0007349049279,6.112736454e-05,4.0,Mild
2272,2253,Thr,1.464536114,90.24253258,-178.1477036,164664,70.62053823,61.3953495,-0.7,76,5.0,0.001280880761,0.06580893227,0.414369161,0.0007399869938,7.913467403e-06,3.0,Moderate
2274,2255,Met,1.477666469,132.6818086,-165.3646224,182.71,1.283266187,13.80320835,1.9,-833,10.0,0.002637294977,0.07040025312,0.2015997417,0.00118894087,2.53628331e-05,4.0,Mild
2280,2261,Leu,1.641493235,165.8376841,-128.3506131,162969,27.73450005,37.09669971,3.8,463,8.0,0.0008983198455,0.07942173835,0.2262632081,0.0009296502508,9.169053812e-05,4.0,Severe
2283,2264,Ser,1.534772237,141.2392056,139.1411753,199.9,5.967357665,17.41290307,-0.8,17,8.0,0.004052073273,0.08878100685,0.2234237386,0.0009306733677,0.0004234343955,4.0,Mild
2284,2265,Ser,1.534772237,165.1093031,-160.1301437,187083,5.349389399,12.25536966,-0.8,-1105,7.0,0.002263751608,0.0884867767,0.2687325208,0.0008991608689,0.0003435755109,4.0,Mild
2286,2267,Asp,1.602137715,170.3970513,149.4889616,195.82,50.03609037,41.78456664,-3.5,81,5.0,0.002855204166,0.08560984994,0.3397058453,0.0007615614083,0.0001601548225,3.0,Moderate
2290,2271,Trp,1.725781094,150.1609108,-132.6779767,180254,76.55518268,78.78615338,-0.9,-1082,6.0,0.0003026973453,0.08243284964,0.2992611139,0.0007586039678,0.0001676307643,4.0,Moderate
2290,2271,Trp,1.532508779,150.1609108,-132.6779767,180254,76.55518268,78.78615338,-0.9,-1082,6.0,0.0003026973453,0.08243284964,0.2992611139,0.0007586039678,0.0001676307643,4.0,Moderate
2305,2286,Asn,1.482804198,121.2775894,42.27891457,147843,6.457617164,25.75477958,-3.5,-1218,8.0,0.006718352901,0.07605537515,0.2312443335,0.001002812717,2.915600024e-05,4.0,Mild
2311,2292,Pro,1.43610581,157.8183799,-110.0338827,155186,37.09812317,61.31728697,-1.6,-245,4.0,0.0009558010158,0.07843713278,0.3705483218,0.0005232097066,4.158314742e-05,4.0,Mild
2314,2295,Asn,1.540733678,137.5093699,-105.3290825,144744,14.45582817,31.41202986,-3.5,-0.67,5.0,0.00755620735,0.08565928778,0.2532944444,0.0006444989381,7.127007384e-05,4.0,Mild
2315,2296,Ser,1.581421373,-119.5980699,-59.0968119,163127,85.15249207,60.51723504,-0.8,593,3.0,0.002354308227,0.08913667624,0.402970679,0.0004273517842,0.0001166805447,3.0,Mild
2320,2301,Leu,1.470182123,172.3122438,-71.55116305,196514,20.31628156,32.65557098,3.8,-788,7.0,0.01952179317,0.09464057848,0.2213824326,0.000819843843,0.0006647548636,4.0,Moderate
2322,2303,Thr,1.486619632,156.6670998,-145.5425312,137589,9.031415939,14.37497997,-0.7,-608,10.0,0.009057887732,0.09629950227,0.1959300154,0.001148619884,0.001092202316,4.0,Moderate
2324,2305,Tyr,1.540733678,136.8594393,-146.3049064,186622,39.68048334,36.73803806,-1.3,-243,9.0,0.0271816218,0.09355946457,0.1884213729,0.001049425904,0.0005911149884,4.0,Mild
2327,2308,Ile,1.531856375,138.3327103,-148.4949164,169267,0.0,0.0,4.5,-703,7.0,0.0007404057207,0.08081603003,0.2551358343,0.0007782397354,0.0001153494177,4.0,Moderate
2330,2311,Gln,1.445797056,-63.53976962,-138.9203407,176917,52.47916265,63.0995121,-3.5,666,7.0,0.005663352753,0.07749013234,0.2307864513,0.0008629135216,4.314617846e-05,4.0,Severe
2334,2315,His,1.43610581,-55.75594656,63.8475536,161833,135.0995965,100.9281808,-3.2,623,4.0,1.566351505e-05,0.06656030314,0.415752551,0.0005338705646,8.176570174e-06,4.0,Mild
